,Kingdom,Phylum,Class,Order,Family,Genus,Species
ASV1,Bacteria,Proteobacteria,Gammaproteobacteria,Pseudomonadales,Moraxellaceae,Psychrobacter,NA
ASV2,Bacteria,Proteobacteria,Alphaproteobacteria,Rhodobacterales,Rhodobacteraceae,Pseudorhodobacter,NA
ASV3,Bacteria,Proteobacteria,Gammaproteobacteria,Pseudomonadales,Pseudomonadaceae,Pseudomonas,NA
ASV4,Bacteria,Bacteroidota,Bacteroidia,Flavobacteriales,Flavobacteriaceae,Flavobacterium,NA
ASV5,Bacteria,Proteobacteria,Gammaproteobacteria,Pseudomonadales,Pseudomonadaceae,Pseudomonas,NA
ASV6,Bacteria,Proteobacteria,Gammaproteobacteria,Enterobacterales,Shewanellaceae,Shewanella,NA
ASV7,Bacteria,Proteobacteria,Gammaproteobacteria,Enterobacterales,Aeromonadaceae,Aeromonas,NA
ASV8,Bacteria,Proteobacteria,Gammaproteobacteria,Pseudomonadales,Moraxellaceae,Acinetobacter,NA
ASV9,Bacteria,Proteobacteria,Gammaproteobacteria,Enterobacterales,Enterobacteriaceae,Klebsiella,NA
ASV10,Bacteria,Actinobacteriota,Actinobacteria,Micrococcales,Microbacteriaceae,Candidatus Aquiluna,NA
ASV11,Bacteria,Proteobacteria,Gammaproteobacteria,Enterobacterales,Shewanellaceae,Shewanella,NA
ASV12,Bacteria,Proteobacteria,Alphaproteobacteria,Rhodobacterales,Rhodobacteraceae,Sedimentitalea,NA
ASV13,Bacteria,Proteobacteria,Gammaproteobacteria,Enterobacterales,Shewanellaceae,Shewanella,NA
ASV14,Bacteria,Bacteroidota,Bacteroidia,Flavobacteriales,Flavobacteriaceae,Flavobacterium,NA
ASV15,Bacteria,Proteobacteria,Gammaproteobacteria,Enterobacterales,Shewanellaceae,Shewanella,NA
ASV16,Bacteria,Proteobacteria,Gammaproteobacteria,Pseudomonadales,Pseudomonadaceae,Pseudomonas,NA
ASV17,Bacteria,Proteobacteria,Gammaproteobacteria,Pseudomonadales,Moraxellaceae,Psychrobacter,NA
ASV18,Bacteria,Proteobacteria,Alphaproteobacteria,Rhodobacterales,Rhodobacteraceae,Seohaeicola,saemankumensis
ASV19,Bacteria,Proteobacteria,Alphaproteobacteria,Rhodobacterales,Rhodobacteraceae,Flavimaricola,NA
ASV20,Bacteria,Proteobacteria,Alphaproteobacteria,Rhodobacterales,Rhodobacteraceae,NA,NA
ASV21,Bacteria,Bacteroidota,Bacteroidia,Flavobacteriales,Flavobacteriaceae,NS3a marine group,NA
ASV22,Bacteria,Firmicutes,Bacilli,Exiguobacterales,Exiguobacteraceae,Exiguobacterium,NA
ASV23,Bacteria,Proteobacteria,Gammaproteobacteria,Pseudomonadales,Pseudomonadaceae,Pseudomonas,guineae
ASV24,Bacteria,Proteobacteria,Gammaproteobacteria,Burkholderiales,Methylophilaceae,Methylotenera,NA
ASV25,Bacteria,Proteobacteria,Gammaproteobacteria,Pseudomonadales,Pseudomonadaceae,Pseudomonas,NA
ASV26,Bacteria,Proteobacteria,Gammaproteobacteria,Burkholderiales,Comamonadaceae,RS62 marine group,NA
ASV28,Bacteria,Proteobacteria,Gammaproteobacteria,Pseudomonadales,Moraxellaceae,Acinetobacter,NA
ASV29,Bacteria,Proteobacteria,Gammaproteobacteria,Pseudomonadales,Pseudomonadaceae,Pseudomonas,NA
ASV30,Bacteria,Proteobacteria,Gammaproteobacteria,Pseudomonadales,Moraxellaceae,Alkanindiges,NA
ASV31,Bacteria,Proteobacteria,Gammaproteobacteria,Pseudomonadales,Moraxellaceae,Acinetobacter,NA
ASV32,Bacteria,Proteobacteria,Alphaproteobacteria,Rhodobacterales,Rhodobacteraceae,Litoreibacter,NA
ASV33,Bacteria,Bacteroidota,Bacteroidia,Flavobacteriales,Crocinitomicaceae,NA,NA
ASV36,Bacteria,Proteobacteria,Gammaproteobacteria,Pseudomonadales,Nitrincolaceae,Marinobacterium,NA
ASV37,Bacteria,Proteobacteria,Alphaproteobacteria,Rhodobacterales,Rhodobacteraceae,Pseudorhodobacter,NA
ASV39,Bacteria,Proteobacteria,Gammaproteobacteria,Enterobacterales,NA,NA,NA
ASV40,Bacteria,Proteobacteria,Gammaproteobacteria,Pseudomonadales,Pseudomonadaceae,Pseudomonas,NA
ASV41,Bacteria,Proteobacteria,Gammaproteobacteria,Pseudomonadales,Moraxellaceae,Psychrobacter,NA
ASV42,Bacteria,Proteobacteria,Gammaproteobacteria,Pseudomonadales,Pseudomonadaceae,Pseudomonas,NA
ASV43,Bacteria,Proteobacteria,Gammaproteobacteria,Pseudomonadales,Moraxellaceae,Acinetobacter,NA
ASV44,Bacteria,Proteobacteria,Gammaproteobacteria,Pseudomonadales,Moraxellaceae,Psychrobacter,NA
ASV46,Bacteria,Proteobacteria,Gammaproteobacteria,Pseudomonadales,Pseudomonadaceae,Pseudomonas,NA
ASV47,Bacteria,Proteobacteria,Gammaproteobacteria,Pseudomonadales,Pseudohongiellaceae,Pseudohongiella,NA
ASV48,Bacteria,Proteobacteria,Gammaproteobacteria,Pseudomonadales,Pseudomonadaceae,Pseudomonas,NA
ASV49,Bacteria,Proteobacteria,Gammaproteobacteria,Burkholderiales,Oxalobacteraceae,Janthinobacterium,NA
ASV50,Bacteria,Proteobacteria,Gammaproteobacteria,Pseudomonadales,Moraxellaceae,Acinetobacter,NA
ASV51,Bacteria,Proteobacteria,Gammaproteobacteria,Burkholderiales,Comamonadaceae,Rhodoferax,NA
ASV52,Bacteria,Proteobacteria,Gammaproteobacteria,Pseudomonadales,Moraxellaceae,Psychrobacter,NA
ASV54,Bacteria,Campylobacterota,Campylobacteria,Campylobacterales,Arcobacteraceae,Pseudarcobacter,NA
ASV55,Bacteria,Bacteroidota,Bacteroidia,Flavobacteriales,Crocinitomicaceae,Fluviicola,NA
ASV56,Bacteria,Bacteroidota,Bacteroidia,Flavobacteriales,Cryomorphaceae,NA,NA
ASV57,Bacteria,Proteobacteria,Gammaproteobacteria,Pseudomonadales,Pseudomonadaceae,Azomonas,NA
ASV58,Bacteria,Proteobacteria,Gammaproteobacteria,Burkholderiales,Oxalobacteraceae,Massilia,NA
ASV59,Bacteria,Proteobacteria,Gammaproteobacteria,Pseudomonadales,Pseudomonadaceae,Pseudomonas,NA
ASV60,Bacteria,Proteobacteria,Gammaproteobacteria,Enterobacterales,Vibrionaceae,Vibrio,NA
ASV61,Bacteria,Proteobacteria,Gammaproteobacteria,Pseudomonadales,Pseudomonadaceae,Pseudomonas,NA
ASV63,Bacteria,Proteobacteria,Alphaproteobacteria,SAR11 clade,Clade I,Clade Ia,NA
ASV64,Bacteria,Actinobacteriota,Actinobacteria,Corynebacteriales,Corynebacteriaceae,Corynebacterium,NA
ASV65,Bacteria,Proteobacteria,Alphaproteobacteria,Sphingomonadales,Sphingomonadaceae,Sphingomonas,NA
ASV66,Bacteria,Proteobacteria,Alphaproteobacteria,Rhodobacterales,Rhodobacteraceae,NA,NA
ASV67,Bacteria,Bacteroidota,Bacteroidia,Flavobacteriales,Flavobacteriaceae,Flavobacterium,NA
ASV68,Bacteria,Proteobacteria,Gammaproteobacteria,Pseudomonadales,Moraxellaceae,Psychrobacter,fozii
ASV69,Bacteria,Proteobacteria,Alphaproteobacteria,Sphingomonadales,Sphingomonadaceae,Altererythrobacter,NA
ASV70,Bacteria,Proteobacteria,Alphaproteobacteria,Rhodobacterales,Rhodobacteraceae,Pseudorhodobacter,NA
ASV71,Bacteria,Firmicutes,Bacilli,Lactobacillales,Streptococcaceae,Lactococcus,NA
ASV72,Bacteria,Cyanobacteria,Cyanobacteriia,Synechococcales,Cyanobiaceae,Synechococcus CC9902,NA
ASV73,Bacteria,Actinobacteriota,Actinobacteria,Frankiales,Sporichthyaceae,hgcI clade,NA
ASV74,Bacteria,Proteobacteria,Alphaproteobacteria,SAR11 clade,Clade II,NA,NA
ASV76,Bacteria,Cyanobacteria,Cyanobacteriia,Synechococcales,Cyanobiaceae,Cyanobium PCC-6307,NA
ASV77,Bacteria,Proteobacteria,Alphaproteobacteria,Rhodobacterales,Rhodobacteraceae,Flavimaricola,NA
ASV78,Bacteria,Proteobacteria,Gammaproteobacteria,Pseudomonadales,Moraxellaceae,Acinetobacter,NA
ASV79,Bacteria,Proteobacteria,Alphaproteobacteria,Rhodobacterales,Rhodobacteraceae,Yoonia-Loktanella,NA
ASV80,Bacteria,Proteobacteria,Alphaproteobacteria,SAR11 clade,Clade I,Clade Ia,NA
ASV81,Bacteria,Campylobacterota,Campylobacteria,Campylobacterales,Arcobacteraceae,Pseudarcobacter,NA
ASV82,Bacteria,Proteobacteria,Gammaproteobacteria,Enterobacterales,Vibrionaceae,Vibrio,NA
ASV84,Bacteria,Bacteroidota,Bacteroidia,Flavobacteriales,Flavobacteriaceae,NS5 marine group,NA
ASV85,Bacteria,Cyanobacteria,Cyanobacteriia,Synechococcales,Cyanobiaceae,Synechococcus CC9902,NA
ASV86,Bacteria,Proteobacteria,Alphaproteobacteria,Rhodobacterales,Rhodobacteraceae,NA,NA
ASV88,Bacteria,Bacteroidota,Bacteroidia,Flavobacteriales,Flavobacteriaceae,Flavobacterium,NA
ASV89,Bacteria,Proteobacteria,Alphaproteobacteria,Sphingomonadales,Sphingomonadaceae,NA,NA
ASV91,Bacteria,Proteobacteria,Alphaproteobacteria,Rhodobacterales,Rhodobacteraceae,Sulfitobacter,NA
ASV92,Bacteria,Proteobacteria,Alphaproteobacteria,Rhodobacterales,Rhodobacteraceae,Planktomarina,temperata
ASV93,Bacteria,Proteobacteria,Alphaproteobacteria,Rhodobacterales,Rhodobacteraceae,Amylibacter,ulvae
ASV95,Bacteria,Proteobacteria,Gammaproteobacteria,Pseudomonadales,SAR86 clade,NA,NA
ASV96,Bacteria,Actinobacteriota,Acidimicrobiia,Microtrichales,Ilumatobacteraceae,Ilumatobacter,nonamiensis
ASV97,Bacteria,Proteobacteria,Alphaproteobacteria,Sphingomonadales,Sphingomonadaceae,Sphingomonas,NA
ASV98,Bacteria,Proteobacteria,Alphaproteobacteria,Rhizobiales,Xanthobacteraceae,NA,NA
ASV99,Bacteria,Proteobacteria,Gammaproteobacteria,Pseudomonadales,Moraxellaceae,Acinetobacter,NA
ASV100,Bacteria,Actinobacteriota,Actinobacteria,Micrococcales,Microbacteriaceae,ML602J-51,NA
ASV101,Bacteria,Proteobacteria,Gammaproteobacteria,Enterobacterales,Yersiniaceae,Yersinia,NA
ASV102,Bacteria,Proteobacteria,Gammaproteobacteria,Pseudomonadales,Thioglobaceae,SUP05 cluster,NA
ASV103,Bacteria,Proteobacteria,Gammaproteobacteria,Pseudomonadales,Moraxellaceae,Acinetobacter,lwoffii
ASV105,Bacteria,Bacteroidota,Bacteroidia,Flavobacteriales,Cryomorphaceae,NA,NA
ASV106,Bacteria,Bacteroidota,Bacteroidia,Flavobacteriales,Flavobacteriaceae,Flavobacterium,NA
ASV107,Bacteria,Proteobacteria,Gammaproteobacteria,Pseudomonadales,Moraxellaceae,Psychrobacter,NA
ASV108,Bacteria,Proteobacteria,Gammaproteobacteria,Pseudomonadales,Pseudomonadaceae,Pseudomonas,anguilliseptica
ASV109,Bacteria,Firmicutes,Bacilli,Lactobacillales,Lactobacillaceae,Latilactobacillus,NA
ASV110,Bacteria,Verrucomicrobiota,Verrucomicrobiae,Verrucomicrobiales,Verrucomicrobiaceae,Verrucomicrobium,NA
ASV112,Bacteria,Proteobacteria,Gammaproteobacteria,Pseudomonadales,Pseudomonadaceae,Pseudomonas,NA
ASV113,Bacteria,Proteobacteria,Gammaproteobacteria,Pseudomonadales,Pseudomonadaceae,Pseudomonas,NA
ASV115,Bacteria,Proteobacteria,Alphaproteobacteria,Rhizobiales,Rhizobiaceae,Pseudahrensia,NA
ASV116,Bacteria,Planctomycetota,Phycisphaerae,Tepidisphaerales,WD2101 soil group,NA,NA
ASV117,Bacteria,Proteobacteria,Gammaproteobacteria,Pseudomonadales,Moraxellaceae,Psychrobacter,NA
ASV118,Bacteria,Proteobacteria,Gammaproteobacteria,Enterobacterales,Shewanellaceae,Shewanella,NA
ASV120,Bacteria,Proteobacteria,Alphaproteobacteria,Sphingomonadales,Sphingomonadaceae,Parablastomonas,NA
ASV122,Bacteria,Verrucomicrobiota,Verrucomicrobiae,Chthoniobacterales,Terrimicrobiaceae,FukuN18 freshwater group,NA
ASV124,Bacteria,Proteobacteria,Gammaproteobacteria,Pseudomonadales,Pseudomonadaceae,Pseudomonas,NA
ASV125,Bacteria,Proteobacteria,Gammaproteobacteria,Pseudomonadales,Halieaceae,Halioglobus,NA
ASV127,Bacteria,Proteobacteria,Alphaproteobacteria,Sphingomonadales,Sphingomonadaceae,Erythrobacter,NA
ASV128,Bacteria,Proteobacteria,Alphaproteobacteria,Rhodobacterales,Rhodobacteraceae,Oceanibulbus,indolifex
ASV129,Bacteria,Proteobacteria,Gammaproteobacteria,Pseudomonadales,Pseudomonadaceae,Pseudomonas,oleovorans
ASV130,Bacteria,Proteobacteria,Gammaproteobacteria,Burkholderiales,Methylophilaceae,OM43 clade,NA
ASV131,Bacteria,Proteobacteria,Alphaproteobacteria,Sphingomonadales,Sphingomonadaceae,Sphingorhabdus,flavimaris
ASV133,Bacteria,Bacteroidota,Bacteroidia,Cytophagales,Spirosomaceae,Lacihabitans,lacunae
ASV134,Bacteria,Proteobacteria,Alphaproteobacteria,Sphingomonadales,Sphingomonadaceae,Erythrobacter,NA
ASV136,Bacteria,Proteobacteria,Gammaproteobacteria,Burkholderiales,Comamonadaceae,Limnohabitans,NA
ASV137,Bacteria,Proteobacteria,Alphaproteobacteria,Sphingomonadales,Sphingomonadaceae,Sphingomonas,NA
ASV138,Bacteria,Proteobacteria,Gammaproteobacteria,Enterobacterales,Shewanellaceae,Shewanella,NA
ASV141,Bacteria,Actinobacteriota,Actinobacteria,Frankiales,Sporichthyaceae,Longivirga,NA
ASV142,Bacteria,Planctomycetota,Phycisphaerae,Phycisphaerales,Phycisphaeraceae,CL500-3,NA
ASV143,Bacteria,Proteobacteria,Alphaproteobacteria,Sphingomonadales,Sphingomonadaceae,Altererythrobacter,aquiaggeris
ASV144,Bacteria,Proteobacteria,Gammaproteobacteria,Pseudomonadales,Moraxellaceae,Alkanindiges,NA
ASV145,Bacteria,Proteobacteria,Alphaproteobacteria,Rhodobacterales,Rhodobacteraceae,Sulfitobacter,noctilucae
ASV146,Bacteria,Proteobacteria,Alphaproteobacteria,Rhizobiales,NA,NA,NA
ASV147,Bacteria,Proteobacteria,Alphaproteobacteria,Rhodobacterales,Rhodobacteraceae,Sulfitobacter,NA
ASV149,Bacteria,Bacteroidota,Bacteroidia,Flavobacteriales,Flavobacteriaceae,Flavobacterium,NA
ASV150,Bacteria,Proteobacteria,Alphaproteobacteria,Rhizobiales,Rhizobiales Incertae Sedis,Phreatobacter,NA
ASV152,Bacteria,Verrucomicrobiota,Verrucomicrobiae,Verrucomicrobiales,Rubritaleaceae,Roseibacillus,NA
ASV153,Bacteria,Proteobacteria,Gammaproteobacteria,Burkholderiales,Comamonadaceae,Rhizobacter,NA
ASV155,Bacteria,Proteobacteria,Alphaproteobacteria,Sphingomonadales,Sphingomonadaceae,Sphingomonas,NA
ASV157,Bacteria,Proteobacteria,Gammaproteobacteria,Xanthomonadales,Xanthomonadaceae,Stenotrophomonas,NA
ASV158,Bacteria,Proteobacteria,Alphaproteobacteria,Rhizobiales,Rhizobiaceae,Allorhizobium-Neorhizobium-Pararhizobium-Rhizobium,NA
ASV159,Bacteria,Proteobacteria,Alphaproteobacteria,Rhizobiales,Hyphomicrobiaceae,Hyphomicrobium,NA
ASV160,Bacteria,Proteobacteria,Alphaproteobacteria,Sphingomonadales,Sphingomonadaceae,NA,NA
ASV161,Bacteria,Verrucomicrobiota,Verrucomicrobiae,Verrucomicrobiales,Rubritaleaceae,Persicirhabdus,NA
ASV162,Bacteria,Bacteroidota,Bacteroidia,Flavobacteriales,Flavobacteriaceae,Maribacter,NA
ASV163,Bacteria,Bacteroidota,Bacteroidia,Flavobacteriales,Flavobacteriaceae,Flavobacterium,NA
ASV164,Bacteria,Proteobacteria,Alphaproteobacteria,Rhodobacterales,Rhodobacteraceae,NA,NA
ASV165,Bacteria,Proteobacteria,Alphaproteobacteria,Caulobacterales,Caulobacteraceae,Brevundimonas,NA
ASV166,Bacteria,Bacteroidota,Bacteroidia,Flavobacteriales,Flavobacteriaceae,Robiginitalea,NA
ASV167,Bacteria,Proteobacteria,Alphaproteobacteria,Caulobacterales,Hyphomonadaceae,Hyphomonas,NA
ASV168,Bacteria,Proteobacteria,Alphaproteobacteria,Caulobacterales,Caulobacteraceae,Brevundimonas,NA
ASV169,Bacteria,Proteobacteria,Gammaproteobacteria,Diplorickettsiales,Diplorickettsiaceae,Rickettsiella,NA
ASV170,Bacteria,Proteobacteria,Gammaproteobacteria,Enterobacterales,Alteromonadaceae,Glaciecola,NA
ASV171,Bacteria,Proteobacteria,Alphaproteobacteria,Rhodobacterales,Rhodobacteraceae,NA,NA
ASV172,Bacteria,Proteobacteria,Alphaproteobacteria,Rhodobacterales,Rhodobacteraceae,Pseudorhodobacter,wandonensis
ASV174,Bacteria,Bacteroidota,Bacteroidia,Flavobacteriales,NS9 marine group,NA,NA
ASV175,Bacteria,Actinobacteriota,Actinobacteria,Frankiales,Sporichthyaceae,hgcI clade,NA
ASV176,Bacteria,Firmicutes,Bacilli,Lactobacillales,Streptococcaceae,Lactococcus,NA
ASV177,Bacteria,Bacteroidota,Bacteroidia,Flavobacteriales,Flavobacteriaceae,NS5 marine group,NA
ASV178,Bacteria,Proteobacteria,Alphaproteobacteria,Rhizobiales,Rhizobiales Incertae Sedis,NA,NA
ASV180,Bacteria,Proteobacteria,Alphaproteobacteria,Rhizobiales,Rhizobiaceae,Hoeflea,NA
ASV182,Bacteria,Bacteroidota,Bacteroidia,Flavobacteriales,Flavobacteriaceae,NA,NA
ASV183,Bacteria,Actinobacteriota,Acidimicrobiia,Actinomarinales,Actinomarinaceae,Candidatus Actinomarina,NA
ASV185,Bacteria,Proteobacteria,Gammaproteobacteria,Enterobacterales,Pseudoalteromonadaceae,Pseudoalteromonas,NA
ASV186,Bacteria,Proteobacteria,Gammaproteobacteria,Burkholderiales,Comamonadaceae,Rhodoferax,saidenbachensis
ASV187,Bacteria,Proteobacteria,Gammaproteobacteria,Pseudomonadales,Moraxellaceae,Psychrobacter,NA
ASV188,Bacteria,Proteobacteria,Alphaproteobacteria,Caulobacterales,Caulobacteraceae,Brevundimonas,NA
ASV192,Bacteria,Bacteroidota,Bacteroidia,Sphingobacteriales,Sphingobacteriaceae,Sphingobacterium,NA
ASV193,Bacteria,Proteobacteria,Alphaproteobacteria,Sphingomonadales,Sphingomonadaceae,Sphingorhabdus,NA
ASV196,Bacteria,Actinobacteriota,Actinobacteria,Micrococcales,Micrococcaceae,Pseudarthrobacter,NA
ASV197,Bacteria,Proteobacteria,Gammaproteobacteria,Burkholderiales,Methylophilaceae,Methylotenera,NA
ASV198,Bacteria,Bacteroidota,Bacteroidia,Flavobacteriales,Weeksellaceae,Empedobacter,brevis
ASV199,Bacteria,Bacteroidota,Bacteroidia,Cytophagales,Spirosomaceae,Taeseokella,NA
ASV200,Bacteria,Proteobacteria,Gammaproteobacteria,Legionellales,Legionellaceae,Legionella,NA
ASV201,Bacteria,Proteobacteria,Gammaproteobacteria,Pseudomonadales,Halieaceae,OM60(NOR5) clade,NA
ASV202,Bacteria,Actinobacteriota,Actinobacteria,Micrococcales,Microbacteriaceae,Galbitalea,NA
ASV203,Bacteria,Cyanobacteria,Cyanobacteriia,Phormidesmiales,Phormidesmiaceae,Phormidesmis ANT.LACV5.1,NA
ASV205,Bacteria,Firmicutes,Clostridia,Clostridiales,Clostridiaceae,Clostridium sensu stricto 1,perfringens
ASV206,Bacteria,Proteobacteria,Alphaproteobacteria,Rhodobacterales,Rhodobacteraceae,Flavimaricola,NA
ASV208,Bacteria,Bacteroidota,Bacteroidia,Cytophagales,Spirosomaceae,Lacihabitans,NA
ASV209,Bacteria,Proteobacteria,Gammaproteobacteria,Burkholderiales,Comamonadaceae,Rhodoferax,NA
ASV210,Bacteria,Bacteroidota,Bacteroidia,Flavobacteriales,Cryomorphaceae,Vicingus,NA
ASV211,Bacteria,Proteobacteria,Alphaproteobacteria,Rhodobacterales,Rhodobacteraceae,NA,NA
ASV212,Bacteria,Actinobacteriota,Acidimicrobiia,Microtrichales,Ilumatobacteraceae,Ilumatobacter,NA
ASV213,Bacteria,Bacteroidota,Bacteroidia,Flavobacteriales,NS9 marine group,NA,NA
ASV214,Bacteria,Bacteroidota,Bacteroidia,Flavobacteriales,Flavobacteriaceae,NA,NA
ASV215,Bacteria,Bacteroidota,Bacteroidia,Flavobacteriales,Flavobacteriaceae,Flavobacterium,NA
ASV216,Bacteria,Bacteroidota,Bacteroidia,Flavobacteriales,Weeksellaceae,Chryseobacterium,NA
ASV217,Bacteria,Proteobacteria,Gammaproteobacteria,Pseudomonadales,Pseudomonadaceae,Pseudomonas,guineae
ASV218,Bacteria,Proteobacteria,Gammaproteobacteria,Enterobacterales,Pseudoalteromonadaceae,Pseudoalteromonas,NA
ASV219,Bacteria,Proteobacteria,Alphaproteobacteria,Sphingomonadales,Sphingomonadaceae,Porphyrobacter,NA
ASV220,Bacteria,Proteobacteria,Alphaproteobacteria,Rhodobacterales,Rhodobacteraceae,NA,NA
ASV221,Bacteria,Proteobacteria,Gammaproteobacteria,Steroidobacterales,Steroidobacteraceae,NA,NA
ASV222,Bacteria,Proteobacteria,Alphaproteobacteria,Sphingomonadales,Sphingomonadaceae,Altererythrobacter,NA
ASV223,Bacteria,Proteobacteria,Alphaproteobacteria,Caulobacterales,Caulobacteraceae,Caulobacter,NA
ASV224,Bacteria,Bacteroidota,Bacteroidia,Flavobacteriales,Flavobacteriaceae,NS5 marine group,NA
ASV225,Bacteria,Proteobacteria,Alphaproteobacteria,Rhodobacterales,Rhodobacteraceae,NA,NA
ASV226,Bacteria,Proteobacteria,Gammaproteobacteria,Burkholderiales,Comamonadaceae,Limnohabitans,NA
ASV227,Bacteria,Bacteroidota,Bacteroidia,Chitinophagales,Chitinophagaceae,Ferruginibacter,NA
ASV228,Bacteria,Proteobacteria,Alphaproteobacteria,Rhodobacterales,Rhodobacteraceae,Albirhodobacter,NA
ASV229,Bacteria,Proteobacteria,Gammaproteobacteria,Burkholderiales,Comamonadaceae,Limnohabitans,NA
ASV231,Bacteria,Bacteroidota,Bacteroidia,Flavobacteriales,Flavobacteriaceae,Flavobacterium,glaciei
ASV232,Bacteria,Proteobacteria,Gammaproteobacteria,Burkholderiales,Comamonadaceae,Polaromonas,NA
ASV234,Bacteria,Proteobacteria,Gammaproteobacteria,Burkholderiales,Alcaligenaceae,Parvibium,NA
ASV235,Bacteria,Proteobacteria,Gammaproteobacteria,Thiotrichales,Thiotrichaceae,Thiothrix,NA
ASV236,Bacteria,Bacteroidota,Bacteroidia,Cytophagales,Spirosomaceae,NA,NA
ASV237,Bacteria,Planctomycetota,Planctomycetes,Planctomycetales,Schlesneriaceae,Schlesneria,NA
ASV241,Bacteria,Proteobacteria,Gammaproteobacteria,Xanthomonadales,Xanthomonadaceae,Stenotrophomonas,NA
ASV242,Bacteria,Bacteroidota,Bacteroidia,Flavobacteriales,Flavobacteriaceae,Flavobacterium,NA
ASV244,Bacteria,Proteobacteria,Gammaproteobacteria,Enterobacterales,Erwiniaceae,Erwinia,NA
ASV245,Bacteria,Proteobacteria,Alphaproteobacteria,Sphingomonadales,Sphingomonadaceae,Qipengyuania,NA
ASV246,Bacteria,Bacteroidota,Bacteroidia,Flavobacteriales,Flavobacteriaceae,Polaribacter,NA
ASV247,Bacteria,Proteobacteria,Gammaproteobacteria,Enterobacterales,Psychromonadaceae,Psychromonas,NA
ASV248,Bacteria,Bacteroidota,Bacteroidia,Flavobacteriales,Flavobacteriaceae,NA,NA
ASV249,Bacteria,Actinobacteriota,Acidimicrobiia,Microtrichales,Ilumatobacteraceae,NA,NA
ASV250,Bacteria,Proteobacteria,Alphaproteobacteria,Puniceispirillales,SAR116 clade,Candidatus Puniceispirillum,NA
ASV251,Bacteria,Proteobacteria,Alphaproteobacteria,Sphingomonadales,Sphingomonadaceae,Sphingorhabdus,NA
ASV252,Bacteria,Proteobacteria,Gammaproteobacteria,Burkholderiales,Comamonadaceae,NA,NA
ASV253,Bacteria,Bacteroidota,Bacteroidia,Chitinophagales,Saprospiraceae,NA,NA
ASV254,Bacteria,Bacteroidota,Bacteroidia,Flavobacteriales,Flavobacteriaceae,Arcticiflavibacter,NA
ASV255,Bacteria,Proteobacteria,Alphaproteobacteria,Rhizobiales,Rhizobiaceae,Neorhizobium,NA
ASV256,Bacteria,Bacteroidota,Bacteroidia,Flavobacteriales,Flavobacteriaceae,Flavobacterium,maris
ASV257,Bacteria,Proteobacteria,Gammaproteobacteria,Burkholderiales,Oxalobacteraceae,Massilia,NA
ASV258,Bacteria,Actinobacteriota,Acidimicrobiia,Microtrichales,Microtrichaceae,NA,NA
ASV259,Bacteria,Bacteroidota,Bacteroidia,Flavobacteriales,Flavobacteriaceae,NA,NA
ASV260,Bacteria,Proteobacteria,Alphaproteobacteria,Sphingomonadales,Sphingomonadaceae,Sphingorhabdus,NA
ASV263,Bacteria,Cyanobacteria,Cyanobacteriia,Cyanobacteriales,Phormidiaceae,Tychonema CCAP 1459-11B,NA
ASV264,Bacteria,Bacteroidota,Bacteroidia,Cytophagales,Spirosomaceae,NA,NA
ASV266,Bacteria,Bacteroidota,Bacteroidia,Flavobacteriales,Flavobacteriaceae,Flavobacterium,NA
ASV268,Bacteria,Proteobacteria,Gammaproteobacteria,Enterobacterales,Shewanellaceae,Shewanella,livingstonensis
ASV269,Bacteria,Proteobacteria,Alphaproteobacteria,Sphingomonadales,Sphingomonadaceae,Erythrobacter,NA
ASV270,Bacteria,Proteobacteria,Gammaproteobacteria,Burkholderiales,Burkholderiaceae,Polynucleobacter,NA
ASV271,Bacteria,Bacteroidota,Bacteroidia,Flavobacteriales,Flavobacteriaceae,Ulvibacter,NA
ASV273,Bacteria,Proteobacteria,Alphaproteobacteria,Sphingomonadales,Sphingomonadaceae,NA,NA
ASV274,Bacteria,Proteobacteria,Alphaproteobacteria,Rhodobacterales,Rhodobacteraceae,NA,NA
ASV275,Bacteria,Proteobacteria,Gammaproteobacteria,Legionellales,Legionellaceae,Legionella,NA
ASV276,Bacteria,Proteobacteria,Gammaproteobacteria,Pseudomonadales,Pseudomonadaceae,Pseudomonas,NA
ASV277,Bacteria,Bacteroidota,Rhodothermia,Rhodothermales,Rhodothermaceae,Rubrivirga,profundi
ASV278,Bacteria,Bacteroidota,Bacteroidia,Chitinophagales,Chitinophagaceae,Sediminibacterium,NA
ASV279,Bacteria,Proteobacteria,Gammaproteobacteria,Pseudomonadales,SAR86 clade,NA,NA
ASV280,Bacteria,Bacteroidota,Bacteroidia,Flavobacteriales,Flavobacteriaceae,Flavobacterium,NA
ASV281,Bacteria,Planctomycetota,Planctomycetes,Gemmatales,Gemmataceae,NA,NA
ASV285,Bacteria,Proteobacteria,Gammaproteobacteria,Methylococcales,Methylomonadaceae,Methyloglobulus,NA
ASV286,Bacteria,Proteobacteria,Alphaproteobacteria,Rhizobiales,Rhizobiaceae,Neorhizobium,NA
ASV287,Bacteria,Proteobacteria,Alphaproteobacteria,Sphingomonadales,Sphingomonadaceae,Sphingorhabdus,NA
ASV288,Bacteria,Bacteroidota,Bacteroidia,Cytophagales,Spirosomaceae,Arcicella,NA
ASV289,Bacteria,Proteobacteria,Gammaproteobacteria,Burkholderiales,Burkholderiaceae,Polynucleobacter,rarus
ASV291,Bacteria,Bacteroidota,Bacteroidia,Chitinophagales,Chitinophagaceae,Ferruginibacter,NA
ASV294,Bacteria,Bacteroidota,Bacteroidia,Flavobacteriales,Flavobacteriaceae,Flavobacterium,NA
ASV296,Bacteria,Proteobacteria,Alphaproteobacteria,Sphingomonadales,Sphingomonadaceae,Erythrobacter,NA
ASV297,Bacteria,Planctomycetota,Planctomycetes,Gemmatales,Gemmataceae,NA,NA
ASV300,Bacteria,Proteobacteria,Alphaproteobacteria,Sphingomonadales,Sphingomonadaceae,Altererythrobacter,NA
ASV301,Bacteria,Proteobacteria,Gammaproteobacteria,Pseudomonadales,Halomonadaceae,Halomonas,NA
ASV302,Bacteria,Proteobacteria,Alphaproteobacteria,Rhizobiales,NA,NA,NA
ASV304,Bacteria,Proteobacteria,Alphaproteobacteria,Sphingomonadales,Sphingomonadaceae,Rhizorhapis,NA
ASV305,Bacteria,Bacteroidota,Bacteroidia,Flavobacteriales,Flavobacteriaceae,NA,NA
ASV306,Bacteria,Bacteroidota,Bacteroidia,Cytophagales,Spirosomaceae,NA,NA
ASV308,Bacteria,Proteobacteria,Alphaproteobacteria,Caulobacterales,Caulobacteraceae,Caulobacter,NA
ASV309,Bacteria,Proteobacteria,Gammaproteobacteria,Burkholderiales,Sutterellaceae,AAP99,NA
ASV310,Bacteria,Firmicutes,Bacilli,Bacillales,Planococcaceae,Planomicrobium,NA
ASV311,Bacteria,Proteobacteria,Alphaproteobacteria,Rhodobacterales,Rhodobacteraceae,NA,NA
ASV313,Bacteria,Planctomycetota,Planctomycetes,Pirellulales,Pirellulaceae,NA,NA
ASV314,Bacteria,Proteobacteria,Gammaproteobacteria,Legionellales,Legionellaceae,Legionella,NA
ASV316,Bacteria,Bacteroidota,Bacteroidia,Flavobacteriales,Flavobacteriaceae,NS4 marine group,NA
ASV317,Bacteria,Proteobacteria,Gammaproteobacteria,Burkholderiales,Methylophilaceae,Methylotenera,NA
ASV318,Bacteria,Proteobacteria,Alphaproteobacteria,Rhizobiales,Beijerinckiaceae,Methylorosula,NA
ASV320,Bacteria,Proteobacteria,Alphaproteobacteria,Sphingomonadales,Sphingomonadaceae,Rhizorhapis,NA
ASV321,Bacteria,Proteobacteria,Alphaproteobacteria,Rhodobacterales,Rhodobacteraceae,NA,NA
ASV322,Bacteria,Bacteroidota,Bacteroidia,Sphingobacteriales,Sphingobacteriaceae,Pedobacter,NA
ASV323,Bacteria,Bacteroidota,Bacteroidia,Cytophagales,Hymenobacteraceae,Hymenobacter,NA
ASV324,Bacteria,Proteobacteria,Alphaproteobacteria,Rhizobiales,Devosiaceae,Devosia,NA
ASV326,Bacteria,Proteobacteria,Alphaproteobacteria,Rhizobiales,Xanthobacteraceae,Tardiphaga,robiniae
ASV327,Bacteria,Actinobacteriota,Acidimicrobiia,NA,NA,NA,NA
ASV330,Bacteria,Proteobacteria,Alphaproteobacteria,Rhizobiales,Rhizobiaceae,Pseudahrensia,NA
ASV332,Bacteria,Proteobacteria,Alphaproteobacteria,Rhodobacterales,Rhodobacteraceae,Flavimaricola,NA
ASV333,Bacteria,Proteobacteria,Alphaproteobacteria,Sphingomonadales,Sphingomonadaceae,Altererythrobacter,NA
ASV334,Bacteria,Planctomycetota,Planctomycetes,Pirellulales,Pirellulaceae,NA,NA
ASV335,Bacteria,Verrucomicrobiota,Verrucomicrobiae,Pedosphaerales,Pedosphaeraceae,SH3-11,NA
ASV336,Bacteria,Proteobacteria,Alphaproteobacteria,Rhizobiales,Beijerinckiaceae,Roseiarcus,NA
ASV337,Bacteria,Proteobacteria,Gammaproteobacteria,Burkholderiales,Oxalobacteraceae,Janthinobacterium,NA
ASV338,Bacteria,Armatimonadota,Fimbriimonadia,Fimbriimonadales,Fimbriimonadaceae,NA,NA
ASV339,Bacteria,Bacteroidota,Bacteroidia,Flavobacteriales,Flavobacteriaceae,Flavobacterium,micromati
ASV340,Bacteria,Proteobacteria,Alphaproteobacteria,Rhodospirillales,AEGEAN-169 marine group,NA,NA
ASV341,Bacteria,Proteobacteria,Alphaproteobacteria,Rhizobiales,Rhizobiales Incertae Sedis,NA,NA
ASV342,Bacteria,Proteobacteria,Alphaproteobacteria,Sphingomonadales,Sphingomonadaceae,NA,NA
ASV343,Bacteria,Proteobacteria,Alphaproteobacteria,Sphingomonadales,Sphingomonadaceae,Altererythrobacter,NA
ASV344,Bacteria,Proteobacteria,Alphaproteobacteria,Rhizobiales,Rhizobiaceae,Brucella,NA
ASV345,Bacteria,Actinobacteriota,Actinobacteria,Micrococcales,Microbacteriaceae,Candidatus Planktoluna,NA
ASV346,Bacteria,Proteobacteria,Gammaproteobacteria,Burkholderiales,Sutterellaceae,AAP99,NA
ASV347,Bacteria,Proteobacteria,Gammaproteobacteria,Methylococcales,Methylomonadaceae,Methylobacter,NA
ASV348,Bacteria,Proteobacteria,Alphaproteobacteria,Rhodobacterales,Rhodobacteraceae,Pseudorhodobacter,NA
ASV349,Bacteria,Firmicutes,Clostridia,Peptostreptococcales-Tissierellales,Peptostreptococcaceae,Paeniclostridium,NA
ASV350,Bacteria,Actinobacteriota,Thermoleophilia,Solirubrobacterales,Solirubrobacteraceae,NA,NA
ASV352,Bacteria,Proteobacteria,Alphaproteobacteria,Rhizobiales,Rhizobiales Incertae Sedis,Anderseniella,NA
ASV353,Bacteria,Actinobacteriota,Acidimicrobiia,Microtrichales,Microtrichaceae,Sva0996 marine group,NA
ASV354,Bacteria,Proteobacteria,Alphaproteobacteria,Sphingomonadales,Sphingomonadaceae,Polymorphobacter,NA
ASV355,Bacteria,Proteobacteria,Alphaproteobacteria,Rhodobacterales,Rhodobacteraceae,Tateyamaria,NA
ASV356,Bacteria,Proteobacteria,Alphaproteobacteria,Rhodobacterales,Rhodobacteraceae,NA,NA
ASV358,Bacteria,Proteobacteria,Alphaproteobacteria,Sphingomonadales,Sphingomonadaceae,Polymorphobacter,NA
ASV359,Bacteria,Verrucomicrobiota,Verrucomicrobiae,Verrucomicrobiales,Rubritaleaceae,Haloferula,NA
ASV360,Bacteria,Actinobacteriota,Actinobacteria,Micrococcales,Microbacteriaceae,Frondihabitans,NA
ASV362,Bacteria,Planctomycetota,Planctomycetes,Pirellulales,Pirellulaceae,NA,NA
ASV363,Bacteria,Proteobacteria,Gammaproteobacteria,Burkholderiales,Burkholderiaceae,Burkholderia-Caballeronia-Paraburkholderia,NA
ASV366,Bacteria,Bacteroidota,Bacteroidia,Flavobacteriales,Flavobacteriaceae,Aurantivirga,NA
ASV367,Bacteria,Planctomycetota,Planctomycetes,Pirellulales,Pirellulaceae,Blastopirellula,NA
ASV370,Bacteria,Cyanobacteria,Cyanobacteriia,Leptolyngbyales,Leptolyngbyaceae,Calothrix KVSF5,NA
ASV371,Bacteria,Verrucomicrobiota,Verrucomicrobiae,Verrucomicrobiales,Rubritaleaceae,Luteolibacter,NA
ASV372,Bacteria,Desulfobacterota,Desulfuromonadia,Geobacterales,Geobacteraceae,Geobacter,NA
ASV375,Bacteria,Actinobacteriota,Actinobacteria,Corynebacteriales,Mycobacteriaceae,Mycobacterium,NA
ASV376,Bacteria,Proteobacteria,Gammaproteobacteria,Francisellales,Francisellaceae,Francisella,NA
ASV378,Bacteria,Planctomycetota,Phycisphaerae,Phycisphaerales,Phycisphaeraceae,CL500-3,NA
ASV381,Bacteria,Proteobacteria,Gammaproteobacteria,Burkholderiales,Alcaligenaceae,GKS98 freshwater group,NA
ASV382,Bacteria,Proteobacteria,Alphaproteobacteria,Sphingomonadales,Sphingomonadaceae,Novosphingobium,NA
ASV383,Bacteria,Proteobacteria,Alphaproteobacteria,Caulobacterales,Caulobacteraceae,Brevundimonas,NA
ASV384,Bacteria,Proteobacteria,Gammaproteobacteria,Pseudomonadales,Pseudomonadaceae,Pseudomonas,NA
ASV385,Bacteria,Proteobacteria,Alphaproteobacteria,Rhodobacterales,Rhodobacteraceae,NA,NA
ASV386,Bacteria,Proteobacteria,Alphaproteobacteria,Rhizobiales,Rhizobiaceae,Hoeflea,NA
ASV387,Bacteria,Actinobacteriota,Actinobacteria,Frankiales,Sporichthyaceae,hgcI clade,NA
ASV389,Bacteria,Verrucomicrobiota,Verrucomicrobiae,Verrucomicrobiales,Rubritaleaceae,Roseibacillus,NA
ASV390,Bacteria,Actinobacteriota,Acidimicrobiia,NA,NA,NA,NA
ASV391,Bacteria,Verrucomicrobiota,Verrucomicrobiae,Pedosphaerales,Pedosphaeraceae,NA,NA
ASV394,Bacteria,Proteobacteria,Alphaproteobacteria,Sphingomonadales,Sphingomonadaceae,Blastomonas,NA
ASV395,Bacteria,Proteobacteria,Alphaproteobacteria,Rhodobacterales,Rhodobacteraceae,Antarctobacter,NA
ASV396,Bacteria,Proteobacteria,Alphaproteobacteria,Rhizobiales,Beijerinckiaceae,Methylocystis,NA
ASV397,Bacteria,Proteobacteria,Gammaproteobacteria,JG36-TzT-191,NA,NA,NA
ASV398,Bacteria,Bacteroidota,Bacteroidia,Flavobacteriales,Weeksellaceae,Chryseobacterium,NA
ASV402,Bacteria,Proteobacteria,Alphaproteobacteria,Rhizobiales,Rhizobiales Incertae Sedis,NA,NA
ASV404,Bacteria,Proteobacteria,Gammaproteobacteria,Pseudomonadales,Pseudomonadaceae,Pseudomonas,NA
ASV405,Bacteria,Proteobacteria,Alphaproteobacteria,Rhizobiales,Rhizobiaceae,NA,NA
ASV407,Bacteria,Actinobacteriota,Acidimicrobiia,Microtrichales,Ilumatobacteraceae,Ilumatobacter,NA
ASV408,Bacteria,Proteobacteria,Alphaproteobacteria,Sphingomonadales,Sphingomonadaceae,Sphingomonas,NA
ASV409,Bacteria,Proteobacteria,Gammaproteobacteria,Diplorickettsiales,Diplorickettsiaceae,Rickettsiella,NA
ASV414,Bacteria,Planctomycetota,Planctomycetes,Pirellulales,Pirellulaceae,Rubripirellula,NA
ASV415,Bacteria,Planctomycetota,Planctomycetes,Planctomycetales,Schlesneriaceae,Schlesneria,NA
ASV416,Bacteria,Proteobacteria,Alphaproteobacteria,Rhizobiales,Hyphomicrobiaceae,NA,NA
ASV418,Bacteria,Proteobacteria,Alphaproteobacteria,Puniceispirillales,SAR116 clade,NA,NA
ASV422,Bacteria,Planctomycetota,Planctomycetes,Pirellulales,Pirellulaceae,Blastopirellula,NA
ASV423,Bacteria,Proteobacteria,Alphaproteobacteria,Parvibaculales,OCS116 clade,NA,NA
ASV425,Bacteria,Bacteroidota,Bacteroidia,Sphingobacteriales,Sphingobacteriaceae,Pedobacter,NA
ASV426,Bacteria,Proteobacteria,Alphaproteobacteria,Rhodobacterales,Rhodobacteraceae,NA,NA
ASV427,Bacteria,Planctomycetota,Planctomycetes,Gemmatales,Gemmataceae,Zavarzinella,NA
ASV428,Bacteria,Proteobacteria,Alphaproteobacteria,Sphingomonadales,Sphingomonadaceae,NA,NA
ASV429,Bacteria,Proteobacteria,Gammaproteobacteria,Pseudomonadales,Halieaceae,Marimicrobium,NA
ASV430,Bacteria,Bacteroidota,Bacteroidia,Chitinophagales,Saprospiraceae,NA,NA
ASV431,Bacteria,Campylobacterota,Campylobacteria,Campylobacterales,Sulfurovaceae,Sulfurovum,NA
ASV433,Bacteria,Myxococcota,Polyangia,Polyangiales,Polyangiaceae,Pajaroellobacter,NA
ASV435,Bacteria,Proteobacteria,Alphaproteobacteria,Rhodobacterales,Rhodobacteraceae,NA,NA
ASV436,Bacteria,Proteobacteria,Alphaproteobacteria,Rhizobiales,Hyphomicrobiaceae,Hyphomicrobium,NA
ASV438,Bacteria,Proteobacteria,Alphaproteobacteria,Rhodospirillales,AEGEAN-169 marine group,NA,NA
ASV439,Bacteria,Actinobacteriota,Acidimicrobiia,NA,NA,NA,NA
ASV440,Bacteria,Proteobacteria,Alphaproteobacteria,Rhodobacterales,Rhodobacteraceae,NA,NA
ASV444,Bacteria,Proteobacteria,Alphaproteobacteria,Acetobacterales,Acetobacteraceae,Rhodovastum,NA
ASV445,Bacteria,Proteobacteria,Alphaproteobacteria,Rhodobacterales,Rhodobacteraceae,Sulfitobacter,NA
ASV446,Bacteria,Proteobacteria,Alphaproteobacteria,Rhizobiales,Rhizobiaceae,Allorhizobium-Neorhizobium-Pararhizobium-Rhizobium,NA
ASV449,Bacteria,Proteobacteria,Alphaproteobacteria,Rhizobiales,NA,NA,NA
ASV450,Bacteria,Proteobacteria,Alphaproteobacteria,Sphingomonadales,Sphingomonadaceae,Rhizorhapis,NA
ASV452,Bacteria,Verrucomicrobiota,Verrucomicrobiae,Verrucomicrobiales,Rubritaleaceae,Roseibacillus,NA
ASV454,Bacteria,Proteobacteria,Alphaproteobacteria,Sphingomonadales,Sphingomonadaceae,Sphingorhabdus,wooponensis
ASV455,Bacteria,Bacteroidota,Bacteroidia,Cytophagales,Spirosomaceae,Spirosoma,NA
ASV456,Bacteria,Planctomycetota,Planctomycetes,Planctomycetales,Schlesneriaceae,Schlesneria,NA
ASV457,Bacteria,Actinobacteriota,Thermoleophilia,Solirubrobacterales,Solirubrobacteraceae,Conexibacter,NA
ASV458,Bacteria,Proteobacteria,Alphaproteobacteria,Rhodobacterales,Rhodobacteraceae,NA,NA
ASV459,Bacteria,Proteobacteria,Alphaproteobacteria,Caulobacterales,Caulobacteraceae,Brevundimonas,NA
ASV461,Bacteria,Bacteroidota,Bacteroidia,Flavobacteriales,Cryomorphaceae,NA,NA
ASV463,Bacteria,Actinobacteriota,Acidimicrobiia,Microtrichales,Ilumatobacteraceae,Ilumatobacter,NA
ASV464,Bacteria,Proteobacteria,Alphaproteobacteria,Rhizobiales,Devosiaceae,Devosia,NA
ASV465,Bacteria,Proteobacteria,Gammaproteobacteria,Coxiellales,Coxiellaceae,Coxiella,NA
ASV466,Bacteria,Cyanobacteria,Cyanobacteriia,Phormidesmiales,Phormidesmiaceae,Phormidesmis ANT.LACV5.1,NA
ASV472,Bacteria,Proteobacteria,Gammaproteobacteria,Pseudomonadales,Gven-F17,NA,NA
ASV473,Bacteria,Proteobacteria,Gammaproteobacteria,Burkholderiales,Methylophilaceae,OM43 clade,NA
ASV477,Bacteria,Proteobacteria,Gammaproteobacteria,Enterobacterales,Colwelliaceae,Thalassotalea,NA
ASV478,Bacteria,Proteobacteria,Alphaproteobacteria,Rhodobacterales,Rhodobacteraceae,NA,NA
ASV479,Bacteria,WPS-2,NA,NA,NA,NA,NA
ASV480,Bacteria,Proteobacteria,Gammaproteobacteria,Burkholderiales,Comamonadaceae,Hydrogenophaga,NA
ASV484,Bacteria,Bacteroidota,Bacteroidia,Flavobacteriales,Crocinitomicaceae,Crocinitomix,NA
ASV485,Bacteria,Planctomycetota,Planctomycetes,Gemmatales,Gemmataceae,NA,NA
ASV488,Bacteria,Campylobacterota,Campylobacteria,Campylobacterales,Arcobacteraceae,Pseudarcobacter,NA
ASV492,Bacteria,Proteobacteria,Alphaproteobacteria,NA,NA,NA,NA
ASV497,Bacteria,Firmicutes,Bacilli,Bacillales,Sporolactobacillaceae,NA,NA
ASV499,Bacteria,Planctomycetota,Planctomycetes,Gemmatales,Gemmataceae,NA,NA
ASV500,Bacteria,Verrucomicrobiota,Chlamydiae,Chlamydiales,Simkaniaceae,NA,NA
ASV504,Bacteria,Proteobacteria,Alphaproteobacteria,Rhizobiales,Rhizobiaceae,Allorhizobium-Neorhizobium-Pararhizobium-Rhizobium,NA
ASV513,Bacteria,Firmicutes,Clostridia,Peptostreptococcales-Tissierellales,Peptostreptococcaceae,Peptoclostridium,NA
ASV516,Bacteria,Bacteroidota,Bacteroidia,Flavobacteriales,Flavobacteriaceae,Polaribacter,NA
ASV518,Bacteria,Bacteroidota,Bacteroidia,Chitinophagales,Saprospiraceae,NA,NA
ASV521,Bacteria,Proteobacteria,Gammaproteobacteria,Pseudomonadales,Pseudomonadaceae,Pseudomonas,NA
ASV527,Bacteria,Armatimonadota,Armatimonadia,Armatimonadales,Armatimonadaceae,Armatimonas,NA
ASV528,Bacteria,Proteobacteria,Gammaproteobacteria,Xanthomonadales,NA,NA,NA
ASV529,Bacteria,Proteobacteria,Alphaproteobacteria,Caulobacterales,Caulobacteraceae,NA,NA
ASV534,Bacteria,Proteobacteria,Alphaproteobacteria,Rhodobacterales,Rhodobacteraceae,Yoonia-Loktanella,NA
ASV535,Bacteria,Bacteroidota,Bacteroidia,Flavobacteriales,Flavobacteriaceae,Pricia,NA
ASV541,Bacteria,Bacteroidota,Bacteroidia,Flavobacteriales,Flavobacteriaceae,Flavobacterium,NA
ASV554,Bacteria,Actinobacteriota,Thermoleophilia,Solirubrobacterales,67-14,NA,NA
ASV555,Bacteria,Planctomycetota,Planctomycetes,Gemmatales,Gemmataceae,NA,NA
ASV557,Bacteria,Bacteroidota,Bacteroidia,Cytophagales,Spirosomaceae,Spirosoma,NA
ASV562,Bacteria,Proteobacteria,Gammaproteobacteria,Coxiellales,Coxiellaceae,Coxiella,NA
ASV565,Bacteria,Verrucomicrobiota,Chlamydiae,Chlamydiales,Parachlamydiaceae,NA,NA
ASV566,Bacteria,Proteobacteria,Alphaproteobacteria,NA,NA,NA,NA
ASV567,Bacteria,Bacteroidota,Bacteroidia,Flavobacteriales,Flavobacteriaceae,Polaribacter,NA
ASV569,Bacteria,Proteobacteria,Alphaproteobacteria,Acetobacterales,Acetobacteraceae,NA,NA
ASV570,Bacteria,Bacteroidota,Bacteroidia,Flavobacteriales,Flavobacteriaceae,Jejudonia,NA
ASV573,Bacteria,Proteobacteria,Gammaproteobacteria,Legionellales,Legionellaceae,Legionella,NA
ASV577,Bacteria,Proteobacteria,Gammaproteobacteria,Pseudomonadales,Nitrincolaceae,Neptunomonas,NA
ASV579,Bacteria,Planctomycetota,Planctomycetes,Planctomycetales,Rubinisphaeraceae,SH-PL14,NA
ASV581,Bacteria,Verrucomicrobiota,Verrucomicrobiae,Chthoniobacterales,Chthoniobacteraceae,Chthoniobacter,NA
ASV586,Bacteria,Proteobacteria,Gammaproteobacteria,Enterobacterales,Vibrionaceae,Aliivibrio,NA
ASV589,Bacteria,Proteobacteria,Gammaproteobacteria,UBA10353 marine group,NA,NA,NA
ASV592,Bacteria,Planctomycetota,Phycisphaerae,Phycisphaerales,Phycisphaeraceae,CL500-3,NA
ASV596,Bacteria,Proteobacteria,Gammaproteobacteria,Diplorickettsiales,Diplorickettsiaceae,NA,NA
ASV598,Bacteria,Verrucomicrobiota,Verrucomicrobiae,Verrucomicrobiales,Verrucomicrobiaceae,Prosthecobacter,NA
ASV609,Bacteria,Proteobacteria,Alphaproteobacteria,Reyranellales,Reyranellaceae,Reyranella,NA
ASV610,Bacteria,Cyanobacteria,Cyanobacteriia,Pseudanabaenales,Pseudanabaenaceae,Pseudanabaena PCC-7429,NA
ASV611,Bacteria,Armatimonadota,Fimbriimonadia,Fimbriimonadales,Fimbriimonadaceae,NA,NA
ASV616,Bacteria,Actinobacteriota,Actinobacteria,Nitriliruptorales,Nitriliruptoraceae,NA,NA
ASV619,Bacteria,Proteobacteria,Gammaproteobacteria,Burkholderiales,Methylophilaceae,Methylotenera,NA
ASV626,Bacteria,Proteobacteria,Alphaproteobacteria,Acetobacterales,Acetobacteraceae,Rhodovastum,NA
ASV629,Bacteria,Firmicutes,Bacilli,Lactobacillales,Lactobacillaceae,Lactobacillus,NA
ASV637,Bacteria,Dependentiae,Babeliae,Babeliales,UBA12409,NA,NA
ASV646,Bacteria,Verrucomicrobiota,Chlamydiae,Chlamydiales,Simkaniaceae,Candidatus Rhabdochlamydia,NA
ASV650,Bacteria,Bacteroidota,Bacteroidia,Cytophagales,Spirosomaceae,NA,NA
ASV652,Bacteria,Bacteroidota,Bacteroidia,Cytophagales,Spirosomaceae,Taeseokella,NA
ASV654,Bacteria,Verrucomicrobiota,Verrucomicrobiae,Chthoniobacterales,Chthoniobacteraceae,Chthoniobacter,NA
ASV658,Bacteria,Verrucomicrobiota,Chlamydiae,Chlamydiales,Simkaniaceae,Candidatus Rhabdochlamydia,NA
ASV660,Bacteria,Patescibacteria,Saccharimonadia,Saccharimonadales,NA,NA,NA
ASV668,Bacteria,Patescibacteria,Saccharimonadia,Saccharimonadales,NA,NA,NA
ASV670,Bacteria,Proteobacteria,Alphaproteobacteria,Rhizobiales,Beijerinckiaceae,Methylobacterium-Methylorubrum,NA
ASV671,Bacteria,Deinococcota,Deinococci,Deinococcales,Deinococcaceae,Deinococcus,NA
ASV681,Bacteria,Bacteroidota,Bacteroidia,Flavobacteriales,Cryomorphaceae,NA,NA
ASV682,Bacteria,Bacteroidota,Bacteroidia,Flavobacteriales,NS9 marine group,NA,NA
ASV693,Bacteria,Proteobacteria,Alphaproteobacteria,Rhodobacterales,Rhodobacteraceae,Sulfitobacter,NA
ASV695,Bacteria,Bacteroidota,Bacteroidia,Chitinophagales,Saprospiraceae,NA,NA
ASV696,Bacteria,Proteobacteria,Gammaproteobacteria,WD260,NA,NA,NA
ASV699,Bacteria,Proteobacteria,Alphaproteobacteria,Rhizobiales,Beijerinckiaceae,Bosea,NA
ASV700,Bacteria,Bacteroidota,Bacteroidia,Chitinophagales,Saprospiraceae,NA,NA
ASV709,Bacteria,Proteobacteria,Alphaproteobacteria,Rhizobiales,Devosiaceae,Maritalea,NA
ASV714,Bacteria,Proteobacteria,Alphaproteobacteria,Acetobacterales,Acetobacteraceae,Acidiphilium,NA
ASV719,Bacteria,Bacteroidota,Bacteroidia,Flavobacteriales,Flavobacteriaceae,Kordia,NA
ASV723,Bacteria,Verrucomicrobiota,Verrucomicrobiae,Verrucomicrobiales,Rubritaleaceae,Luteolibacter,NA
ASV744,Bacteria,Bacteroidota,Bacteroidia,Cytophagales,Spirosomaceae,Dyadobacter,tibetensis
ASV771,Bacteria,Bacteroidota,Bacteroidia,Cytophagales,Spirosomaceae,Emticicia,NA
ASV774,Bacteria,Bacteroidota,Bacteroidia,Flavobacteriales,Crocinitomicaceae,Fluviicola,NA
ASV776,Bacteria,Verrucomicrobiota,Verrucomicrobiae,Verrucomicrobiales,Rubritaleaceae,Roseibacillus,NA
ASV778,Bacteria,Proteobacteria,Alphaproteobacteria,Caulobacterales,Caulobacteraceae,Asticcacaulis,NA
ASV789,Bacteria,Verrucomicrobiota,Verrucomicrobiae,Verrucomicrobiales,Rubritaleaceae,Roseibacillus,NA
ASV816,Bacteria,Acidobacteriota,Blastocatellia,Blastocatellales,Blastocatellaceae,Blastocatella,NA
ASV828,Bacteria,Bacteroidota,Bacteroidia,Chitinophagales,Saprospiraceae,NA,NA
ASV834,Bacteria,Firmicutes,Bacilli,Mycoplasmatales,Mycoplasmataceae,NA,NA
ASV839,Bacteria,Proteobacteria,Alphaproteobacteria,Rhodobacterales,Rhodobacteraceae,Yoonia-Loktanella,NA
ASV848,Bacteria,Acidobacteriota,Vicinamibacteria,Vicinamibacterales,NA,NA,NA
ASV850,Bacteria,Proteobacteria,Alphaproteobacteria,Sphingomonadales,Sphingomonadaceae,Novosphingobium,NA
ASV864,Bacteria,Proteobacteria,Gammaproteobacteria,Coxiellales,Coxiellaceae,Coxiella,NA
ASV884,Bacteria,Actinobacteriota,Coriobacteriia,OPB41,NA,NA,NA
ASV888,Bacteria,Proteobacteria,Gammaproteobacteria,NA,NA,NA,NA
ASV962,Bacteria,Firmicutes,Clostridia,Clostridiales,Caloramatoraceae,Fonticella,NA
ASV1030,Bacteria,Firmicutes,Clostridia,Oscillospirales,Ruminococcaceae,Anaerofilum,NA
ASV1079,Bacteria,Bacteroidota,Bacteroidia,Sphingobacteriales,env.OPS 17,NA,NA
ASV1089,Bacteria,Campylobacterota,Campylobacteria,Campylobacterales,Arcobacteraceae,NA,NA
ASV1114,Bacteria,Actinobacteriota,Acidimicrobiia,Microtrichales,Microtrichaceae,NA,NA
ASV1115,Bacteria,Bacteroidota,Bacteroidia,Chitinophagales,37-13,NA,NA
ASV1144,Bacteria,Proteobacteria,Alphaproteobacteria,Rhizobiales,Devosiaceae,Devosia,NA
ASV1185,Bacteria,Cyanobacteria,Cyanobacteriia,Gloeobacterales,Gloeobacteraceae,Gloeobacter PCC-7421,NA
ASV1186,Bacteria,Proteobacteria,Alphaproteobacteria,Defluviicoccales,Defluviicoccaceae,Defluviicoccus,NA
ASV1249,Bacteria,Proteobacteria,Alphaproteobacteria,Rhodobacterales,Rhodobacteraceae,NA,NA
ASV1250,Bacteria,Bacteroidota,Bacteroidia,Chitinophagales,Saprospiraceae,NA,NA
ASV1266,Bacteria,Proteobacteria,Gammaproteobacteria,NA,NA,NA,NA
ASV1274,Bacteria,Bacteroidota,Bacteroidia,Sphingobacteriales,env.OPS 17,NA,NA
ASV1328,Bacteria,Patescibacteria,Parcubacteria,NA,NA,NA,NA
ASV1364,Bacteria,Armatimonadota,Fimbriimonadia,Fimbriimonadales,Fimbriimonadaceae,NA,NA
ASV1498,Bacteria,Bacteroidota,Bacteroidia,Chitinophagales,Saprospiraceae,NA,NA
ASV1499,Bacteria,Verrucomicrobiota,Verrucomicrobiae,Chthoniobacterales,Chthoniobacteraceae,Chthoniobacter,NA
ASV1538,Bacteria,Proteobacteria,Alphaproteobacteria,Rickettsiales,Fokiniaceae,NA,NA
ASV1760,Bacteria,Bacteroidota,Bacteroidia,Bacteroidales,Dysgonomonadaceae,Dysgonomonas,NA
ASV2296,Bacteria,Proteobacteria,Alphaproteobacteria,Rickettsiales,Rickettsiaceae,NA,NA
